cb2102db39d1d98ee856ddd57c5f3e4129e269c7d23fc43a831bebe1a066145d	4154	browser-failure-after-uid-retention.json
6f60f786393a654a91c7d4079dfc891f0e1a1241cf12ef2972c63cb0ae6d39ef	8044	browser-failure-console.txt
bc7bbeac71c3e6051b5244096048003e2b9fce622a04f2f8009f058067930afb	44369	browser-report.json
2d310e248bb9ced49f26ee5f6f25f743a953b8c14676cd5c270553b1f3502822	2229	corrected-route-lifecycle.txt
2842ff53c60c487fcc23d592d42f103e7f6f3a8fe8cbf199a4a1bba95162650c	71161	local-manager.png
ef19a440bc134832c0f466030294aec787aeb5bf6d38f39591a5202c9c367c9b	73226	local-owner.png
3a5bf5c4791d1ea4fb7c0b5d6021ae1794826f93c582f88198da501b83a22517	70470	local-pending.png
fecfbaf086673b3be5d770fb816eb84f44089501c68c9a8fcd0879f611a48d37	68728	local-suspended.png
39bc3e293cdd62c2b63511be3f822a26f068b953a2de696aeb7b13c978e67b72	2233	post-fix-route-lifecycle.txt
c943bd7043ddb13fc4e396ff1b3ef4847f92c56d84e5a08df751b222dbc400f7	4264	pre-fix-route-lifecycle.txt
2fa26a8579fa3a6a5b7eb6b3402cc4698f2ad4d2a5c1fecb9ba5d0af56ab8846	471	route-lifecycle-counts.json
