676f1937db6990bb512f4d0062e19b4f395586e87e4cd7fe6ee62d7bb2b4a09c	17819	+not-found.html
8cb6aa9b635a26bf7b6efb4b4a79da483adbd7476ba3d003178981dd7a52c6ff	910	_expo/.routes.json
2cbc79f312e949a6beefb894a99b302a31bb78c86bd42546407b89f718acf80e	31975	_expo/static/css/components-1d9997ebe14e7e299d7e1eea098e7abf.css
d133c1bfddda136b74f2c580c8429f8aeee17d0c8e80a1825ce7b6b97d973e15	9896	_expo/static/css/responsive-777f71f805aea2eb8c3d70b285b5dafb.css
b457868af74b5e594cb7cf07fc975ab43581f5454b94304ee73bdf95365ab61b	1024	_expo/static/css/tokens-1731bc7f30cf948ad47a5e0861d4f316.css
773269ef61348ffd063ba575c3b200bce3ce68903612e0132c9f8c8e9cf6d276	296	_expo/static/css/typography-031cad9766837c47a6d915ff40a10222.css
433fae58b761478bc467f482dc09cfcaf09d7f821f4ce568859e2199d4233a5a	3602322	_expo/static/js/web/entry-806b514a1ea6030b129073b6419685e6.js
676f1937db6990bb512f4d0062e19b4f395586e87e4cd7fe6ee62d7bb2b4a09c	17819	_sitemap.html
17644656eb1d025548a63f261b74b10b33daf8b6444338fc2d310893e2b6b414	56344	assets/__node_modules/@expo-google-fonts/dm-sans/100Thin/DMSans_100Thin.aa895105c99cdda4f82dc9b5b1e26d87.ttf
b22e856dd6a5059b3fcb50db2ec6127d253e475300d49101a6754e92f0015338	61324	assets/__node_modules/@expo-google-fonts/dm-sans/100Thin_Italic/DMSans_100Thin_Italic.bcb8399c1cd3b407c9403b6738c0279f.ttf
855f974f1d7074776df638f836ce7dd2d145d4bc97dbc8e487f1e2b9f921e536	56412	assets/__node_modules/@expo-google-fonts/dm-sans/200ExtraLight/DMSans_200ExtraLight.3e25a281bdb7b15be3223f3ea14a78a9.ttf
90b8f7e028ec67fa9513ab42bb33bbc16b2584b5c1a17585f400ac2c8a4646d6	61368	assets/__node_modules/@expo-google-fonts/dm-sans/200ExtraLight_Italic/DMSans_200ExtraLight_Italic.783b88f315f5e0d18b356e4c7f24ab49.ttf
869084eff954f945fb43658ed9ea594324d390b6a21b1b712e056cf6527f96d8	56328	assets/__node_modules/@expo-google-fonts/dm-sans/300Light/DMSans_300Light.df43eeda0517a2dee06925d637bd6840.ttf
263367df5e844028ea658d25597083988e051372261ea11ce9710963c2b508c8	61336	assets/__node_modules/@expo-google-fonts/dm-sans/300Light_Italic/DMSans_300Light_Italic.80cec38fe494b2d8d9c1f7f1096e73f5.ttf
20ccb90498d8ca511bb0be31a74eccd5f29fbe1161852ef72781b703929e98ec	56344	assets/__node_modules/@expo-google-fonts/dm-sans/400Regular/DMSans_400Regular.74f9bb7405caec741a24db735b2c5733.ttf
2677138afc090d2b5e401bb107347601bb7eb015853be564c4cbfdf021de690a	61244	assets/__node_modules/@expo-google-fonts/dm-sans/400Regular_Italic/DMSans_400Regular_Italic.d456fd1a58332b02c79e9bda60c4853e.ttf
568dafd2db3728534b42c064e63ed1ff45ec97739bc21e407123dfddcb2ad255	56376	assets/__node_modules/@expo-google-fonts/dm-sans/500Medium/DMSans_500Medium.7da0c1626a365ce0164d2ae4ebb0573b.ttf
ee3bb601737c8fde8af00efb09503d4138ac7f988c4c8cfd1a7aa0f4d4fb7269	61396	assets/__node_modules/@expo-google-fonts/dm-sans/500Medium_Italic/DMSans_500Medium_Italic.fc3b9297fa9ed051f7649c8e756276b7.ttf
b3ee9c6f271318066adae56c3033e6e4192f88f5d127cb507686d89a0a269168	56336	assets/__node_modules/@expo-google-fonts/dm-sans/600SemiBold/DMSans_600SemiBold.b68921520b1d885dd7f854427cde3e82.ttf
f687d72597eccee00638b2558bb94853d865a04eb58c9329c7db0553aeb4f2a4	61232	assets/__node_modules/@expo-google-fonts/dm-sans/600SemiBold_Italic/DMSans_600SemiBold_Italic.0f640fdba88da072848e514bf43c2b85.ttf
3764a2ce62fa95596c3315c1a0ca379e7cf827ed397c97fc036925b9b20b74dc	56268	assets/__node_modules/@expo-google-fonts/dm-sans/700Bold/DMSans_700Bold.7a6c1a2c6196d4d0e617b57adb997b3b.ttf
4fc78e9e6c6f77055d07cc5d382f449e764083019aae4246bd29df8a9ad7409d	61168	assets/__node_modules/@expo-google-fonts/dm-sans/700Bold_Italic/DMSans_700Bold_Italic.5af5d01e07e369ab645cbd92c05f89d5.ttf
25a515104f48016abc6fbb0d91308bcc155fc794d1ff9a52f14d0d628f8e5e82	56316	assets/__node_modules/@expo-google-fonts/dm-sans/800ExtraBold/DMSans_800ExtraBold.74a7c51e71e5be3e9878deb3b1dd8276.ttf
c8042ff9bcacaa9f73f69558969b1302a091b3a9028597dd4f83cf62bbde800c	61272	assets/__node_modules/@expo-google-fonts/dm-sans/800ExtraBold_Italic/DMSans_800ExtraBold_Italic.67790bc17c5b1ea7abef154cc8e21bc7.ttf
c4fd707025c13cce30db67aef3d65e8ef652c6907d7111dbae258490dc64c0bb	56344	assets/__node_modules/@expo-google-fonts/dm-sans/900Black/DMSans_900Black.e0062779393299c3012a239746c1830c.ttf
6465693ab8ab203ca6669b0b42f5946a5baf9ca24b6ced6e4b30d095f5290b8b	61232	assets/__node_modules/@expo-google-fonts/dm-sans/900Black_Italic/DMSans_900Black_Italic.7c78541f1ece5c832d207df0be7b447f.ttf
a99279798b78f5f47c5c86e387881532582d04856b4a9f3ac92171cac12567fd	54580	assets/__node_modules/@expo-google-fonts/outfit/100Thin/Outfit_100Thin.9436ede677912e546299d6dc1759be53.ttf
598a991633b4ac40172151ac72794f4ec9b13fe19ceb53ba6ca8c3aaa85610a3	54936	assets/__node_modules/@expo-google-fonts/outfit/200ExtraLight/Outfit_200ExtraLight.8e84d4d3b8cd14aa5ef5dc677d18787f.ttf
3b454ea6ea2fae8df2153cc3ad5c56de3b549d329307179682cfc075f0257bfd	54856	assets/__node_modules/@expo-google-fonts/outfit/300Light/Outfit_300Light.61ca2433c112de1e9b1e3e8369e66862.ttf
f24945365147c9e783e91d8649959b59be6b00c9ee4ecd2f6b33afbb2dd871fe	54912	assets/__node_modules/@expo-google-fonts/outfit/400Regular/Outfit_400Regular.5fc3fef1a1a55711c147d344132a468d.ttf
1669995dee77438b732d6557d71ed4e807dd6ebb82704b55385938727c6841e2	54820	assets/__node_modules/@expo-google-fonts/outfit/500Medium/Outfit_500Medium.3af2e072a31b85b3c0a55ede786b31ab.ttf
030d373c4e2a67d5e922a2694e1eaab3b9f1208f1301dba94a70bdebf52c1efa	55492	assets/__node_modules/@expo-google-fonts/outfit/600SemiBold/Outfit_600SemiBold.fff3440ed39188f5d5bf85305e8b6be8.ttf
6654b93d21301ec61887d3cedd6c11d9df1b1dfb63f9cf45ac7995f6e2235ab1	55392	assets/__node_modules/@expo-google-fonts/outfit/700Bold/Outfit_700Bold.91486df4e5279497efb060b0d3cc797b.ttf
7f4529480402f47795b2b4dd494417b4ff1f0454da7d7ffb0b656ea90523ec47	55308	assets/__node_modules/@expo-google-fonts/outfit/800ExtraBold/Outfit_800ExtraBold.4cd115d5b3ed69078a637417321cce18.ttf
f240e6128c31a75aa3f456ea1ff3b0fda382176681788ae3d244d08e3fa7d6cd	55372	assets/__node_modules/@expo-google-fonts/outfit/900Black/Outfit_900Black.bde7a22c710d75af9c1bcffc02bd902b.ttf
9adb8c5efca932e2b732b293da813bd2e31952263056bce9e2517fec0f0b6a76	653	assets/__node_modules/@react-navigation/elements/lib/module/assets/back-icon-mask.0a328cd9c1afd0afe8e3b1ec5165b1b4.png
84cf5eb3b20250f69e0e4733beb4da5f417f0682892a5ad1b5e62570753c21b1	207	assets/__node_modules/@react-navigation/elements/lib/module/assets/back-icon.35ba0eaec5a4f5ed12ca16fabeae451d.png
d03a5cd7a66ef10c5147916f9d5878b2d0a0a5ad46f405a31cd9967efaa55afd	220	assets/__node_modules/@react-navigation/elements/lib/module/assets/clear-icon.c94f6478e7ae0cdd9f15de1fcb9e5e55.png
ab5613d2ce70fa67c5926e831353664945199fc195fa6fe76c5fe3cec452e31a	334	assets/__node_modules/@react-navigation/elements/lib/module/assets/clear-icon.c94f6478e7ae0cdd9f15de1fcb9e5e55@2x.png
c4e54e6a0a7de636aa153378fbc62ea4a41695bfedf807f90df7b18ffd733f67	502	assets/__node_modules/@react-navigation/elements/lib/module/assets/clear-icon.c94f6478e7ae0cdd9f15de1fcb9e5e55@3x.png
c86bb485eee687e06c500fc4234f51a6784b4530c2ae11d0c76481110bce3105	645	assets/__node_modules/@react-navigation/elements/lib/module/assets/clear-icon.c94f6478e7ae0cdd9f15de1fcb9e5e55@4x.png
b1bc1810ca23e2c38cd76971c43591d726161061240d8b792b05757196ddb528	141	assets/__node_modules/@react-navigation/elements/lib/module/assets/close-icon.808e1b1b9b53114ec2838071a7e6daa7.png
cbdf9213e55f65c48d076acd8423b7c9aee4f1b81101ff6c95a38c4cd8a86461	201	assets/__node_modules/@react-navigation/elements/lib/module/assets/close-icon.808e1b1b9b53114ec2838071a7e6daa7@2x.png
d05c9d30d79f45a78e5585a2e7ec67c6a06a883dd9137e1d5059e8c87b33ce76	266	assets/__node_modules/@react-navigation/elements/lib/module/assets/close-icon.808e1b1b9b53114ec2838071a7e6daa7@3x.png
2325c53a73e54c438cbbc60dffdd8b513d471ba42e2f56713ef404b95e0ca1fc	332	assets/__node_modules/@react-navigation/elements/lib/module/assets/close-icon.808e1b1b9b53114ec2838071a7e6daa7@4x.png
5d075e0c287c4f4441b5b5c8fc7ea5cd27c11bb617ecea09755955bcb1889083	928	assets/__node_modules/@react-navigation/elements/lib/module/assets/search-icon.286d67d3f74808a60a78d3ebf1a5fb57.png
6deca32b56b97fa1fa87facd6996b46cc45190a553400e7febdf1d2093099b57	9456	assets/__node_modules/expo-router/assets/arrow_down.017bc6ba3fc25503e5eb5e53826d48a8.png
c15ec72a74d13957211808313d5c35deb7f7606c6d22dbddceb0000d4e0547ad	469	assets/__node_modules/expo-router/assets/error.d1ea1496f9057eb392d5bbf3732a61b7.png
a69a2edb5b6c60b8433d5b6d23c69f520ccd8a602f3f60e7996e489718bc175c	138	assets/__node_modules/expo-router/assets/file.19eeb73b9593a38f8e9f418337fc7d10.png
708a79cf561b8a2a4850ce0254584d3a5231046be08fb7fadf4b6edfdb31178b	188	assets/__node_modules/expo-router/assets/forward.d8b800c443b8972542883e0b9de2bdc6.png
27f4d229d440925bf7212d5dfffa45d596b2c7b3bb2905c96b839b2081a1dbeb	364	assets/__node_modules/expo-router/assets/pkg.ab19f4cbc543357183a20571f68380a3.png
acf691957a3bcce7d195856dce98a5cf14dce10bea28aa5c10b3550c078e23b5	465	assets/__node_modules/expo-router/assets/sitemap.412dd9275b6b48ad28f5e3d81bb1f626.png
efc79da3c4c97dfb1571bff6202958ab0529c5aa31e8392600578b3e359d1447	4752	assets/__node_modules/expo-router/assets/unmatched.20e71bdf79e3a97bf55fd9e164041578.png
414dfddeb42a62ec9688c00e599d8f5499eec2560ae67c0e1d7d43b6d658cf1e	17919	dashboard.html
414dfddeb42a62ec9688c00e599d8f5499eec2560ae67c0e1d7d43b6d658cf1e	17919	earnings.html
a5b4a15918e6e73452fbb9fadf48c849fb3d1b3e42f1a5716274693ff338b468	186	firebase-config.js
414dfddeb42a62ec9688c00e599d8f5499eec2560ae67c0e1d7d43b6d658cf1e	17919	forgot-password.html
414dfddeb42a62ec9688c00e599d8f5499eec2560ae67c0e1d7d43b6d658cf1e	17919	history.html
414dfddeb42a62ec9688c00e599d8f5499eec2560ae67c0e1d7d43b6d658cf1e	17919	index.html
414dfddeb42a62ec9688c00e599d8f5499eec2560ae67c0e1d7d43b6d658cf1e	17919	invite.html
414dfddeb42a62ec9688c00e599d8f5499eec2560ae67c0e1d7d43b6d658cf1e	17919	login.html
53065c11762f2e90ad07ee4be07616a31f60418c8f770f1783648720816c87f1	202	manifest.webmanifest
414dfddeb42a62ec9688c00e599d8f5499eec2560ae67c0e1d7d43b6d658cf1e	17919	menu.html
414dfddeb42a62ec9688c00e599d8f5499eec2560ae67c0e1d7d43b6d658cf1e	17919	more.html
414dfddeb42a62ec9688c00e599d8f5499eec2560ae67c0e1d7d43b6d658cf1e	17919	orders.html
414dfddeb42a62ec9688c00e599d8f5499eec2560ae67c0e1d7d43b6d658cf1e	17919	orders/[orderId].html
414dfddeb42a62ec9688c00e599d8f5499eec2560ae67c0e1d7d43b6d658cf1e	17919	orders/detail.html
414dfddeb42a62ec9688c00e599d8f5499eec2560ae67c0e1d7d43b6d658cf1e	17919	pending.html
414dfddeb42a62ec9688c00e599d8f5499eec2560ae67c0e1d7d43b6d658cf1e	17919	restaurant.html
414dfddeb42a62ec9688c00e599d8f5499eec2560ae67c0e1d7d43b6d658cf1e	17919	reviews.html
414dfddeb42a62ec9688c00e599d8f5499eec2560ae67c0e1d7d43b6d658cf1e	17919	security.html
414dfddeb42a62ec9688c00e599d8f5499eec2560ae67c0e1d7d43b6d658cf1e	17919	settings.html
414dfddeb42a62ec9688c00e599d8f5499eec2560ae67c0e1d7d43b6d658cf1e	17919	suspended.html
ef077262cd14ae536e2a61029b411997df5497ff7bda7c8d38e7ef6928ee3be0	1301	sw.js
