M	6282b03ca5633bfce672454bb719373044c490de7d5fa3a7fe1b975cd28c72ca	apps/restaurant/app/_layout.tsx
M	6c8005252cc9b218133c021b8e1f5bc331802fd02994bd8eae8597bb4c1ce813	apps/restaurant/app/invite.tsx
D	DELETED	apps/restaurant/app/reviews-preview.tsx
M	71a816f8a1c179c74f74d09e02ae37c378bb364db5c456144d73091fde241b8d	apps/restaurant/package.json
M	32b44ac85dd4cdeea2e20053d92981bd3fd966c106f8f92b5c9449d5621c8354	apps/restaurant/src/components/AppShell.tsx
M	099251de4f45066c29ccb7443b743c33b9ec590ff4af30f8fad6d0485542c69e	apps/restaurant/src/components/AuthLayout.tsx
M	1f3ad7aa23d0756168a2aae3395cd80f59fa0527b4473851fa35be3a3c139898	apps/restaurant/src/components/Dialog.tsx
A	483e466f7280b178937134a07b6cb45deb21a9f5bfb583a3d32c2cf0b4a47fe0	apps/restaurant/src/components/tabKeyboard.ts
A	0cfa3a2e37b0a1d48f190d5b082a9d2286a2af53ad1e94db883ee74c34a97ac5	apps/restaurant/src/components/useRouteAccessibility.ts
M	ce0617bd9ab2ebcfae6e87a39f5aed93763d1cc4a34353fcab779ecd10a65fe1	apps/restaurant/src/design/components.css
M	9b01bb4eba7557cc3abdf2ed191897b383180d3756c90a2048f96ac8c0017fbd	apps/restaurant/src/design/responsive.css
M	528192503ff088ea30651b910329b3cb4752a9939e0494050f7b54a9fc87c12c	apps/restaurant/src/design/tokens.css
M	0572a41e0fa8a908bbd0a79af0b8dc340e8fd8734c6ca92e1395b0353e8fc590	apps/restaurant/src/MenuItemDialog.tsx
M	f54a362ff3cc5a0c58d2ed98786deb1cae2d2466258e07205b28afb74da53713	apps/restaurant/src/ReviewsPage.tsx
D	DELETED	apps/restaurant/src/reviewStyles.css
D	DELETED	apps/restaurant/src/styles.css
A	087cc5b64cf8a5aa9cf747f7d853da9416d949cb8a54518388172f6be96cf82a	apps/restaurant/test/qualification/phase5Adapter.mjs
M	9d864a30dd31a42d9bef3bff0770f1241ddb8446fd31b087e6c14ab60d1f8703	package.json
M	126bc162b8bbdb7e1534e22302e6c647ea331d85e4bd20e5ad5e4f49d78ed748	scripts/check-restaurant-earnings-phase3.mjs
A	4c8cc6415ab2781e91d5bc90d1ffeb0363f1c79b2455fc09cc3ad856130cd631	scripts/package-restaurant-responsive-ui-phase5-edge.mjs
A	03afeb29118f68466471b4c420dff59b0b939f4ab95c124f61efbe75da04caa4	scripts/prepare-restaurant-phase5-safari-site.mjs
A	fdca61fc0c2a6115bcb0bc1dbbe3ec8242602e0d6d0e70489dfdf9a80ff15bae	scripts/qualify-restaurant-responsive-ui-phase5-performance.mjs
A	442918544b894e726974fc340a7b622f47acc17b8ff37da7615cf45c0d338f3a	scripts/qualify-restaurant-responsive-ui-phase5-safari.mjs
A	aa67c316b0a4dbfeedf5bbf3fe5ac772152779c524f9ceb338b36d5ff9bfa01c	scripts/qualify-restaurant-responsive-ui-phase5.mjs
M	d0eb81a87c9baa42abc5125f658067ecb3c6a78144511c94b87f70a59a6c8812	scripts/test-restaurant-responsive-ui-phase3.mjs
A	659cef5352a4a869313d28a6f1fac61b29eca60b05352438b9f5e2feadff822d	scripts/test-restaurant-responsive-ui-phase5.mjs
