path	kind	classification	bytes	sha256
secure/restaurant-vercel-browser-notification-qualification-reconciliation/restaurant-vercel-browser-notification-qualification-20260928r-cleanup/evidence-manifest.tsv	manifest	EVIDENCE_INDEX	115	e39ba237869272afd1541e22c58f44dec2d70e59fc591e5685effe59271e7361
secure/restaurant-vercel-browser-notification-qualification/restaurant-vercel-browser-notification-qualification-20260928a/evidence-manifest.tsv	manifest	EVIDENCE_INDEX	1084	b57ef17c2871ac322afc70148f72d7cc23de02b2ebaf3f9620c0a144e718cfff
secure/restaurant-vercel-browser-notification-qualification/restaurant-vercel-browser-notification-qualification-20260928a/terminal-result.json	terminal	FAIL	2783	4d5ba62b69b18a6b4b7b6e2796e7b2947785b675d4944b84661ad54cc0e739a5
secure/restaurant-vercel-browser-notification-qualification/restaurant-vercel-browser-notification-qualification-20260928b/evidence-manifest.tsv	manifest	EVIDENCE_INDEX	193	8b478d63808742057429821a5704db22d2e6cf4343ce82fe18189db96ba3c592
secure/restaurant-vercel-browser-notification-qualification/restaurant-vercel-browser-notification-qualification-20260928b/terminal-result.json	terminal	ABORTED	1626	5f9c4e23ab508bd1d0664c85e0adb0f7242dc4c94b7a487290017761c8aafeab
secure/restaurant-vercel-browser-notification-qualification/restaurant-vercel-browser-notification-qualification-20260928c/evidence-manifest.tsv	manifest	EVIDENCE_INDEX	276	50463d9596eb323358c4802fafbbfb7fe278b4f641d39d08ecfc865714e283a2
secure/restaurant-vercel-browser-notification-qualification/restaurant-vercel-browser-notification-qualification-20260928c/terminal-result.json	terminal	ABORTED	943	05fb54f03cf21a1bf1688e3f2a7071cc7e8b274be11777da47a331e648fea5f7
secure/restaurant-vercel-browser-notification-qualification/restaurant-vercel-browser-notification-qualification-20260928d/evidence-manifest.tsv	manifest	EVIDENCE_INDEX	192	2cf53f38c5c41c914d3913e6fc7ee5d26c7d4db2558dbd96ac0ca1d53df17d14
secure/restaurant-vercel-browser-notification-qualification/restaurant-vercel-browser-notification-qualification-20260928d/terminal-result.json	terminal	ABORTED	1131	871b33da477c767b5ebaeeb56bbeb575869149d3cda62cf8d625464d47248e38
secure/restaurant-vercel-browser-notification-qualification/restaurant-vercel-browser-notification-qualification-20260928e/evidence-manifest.tsv	manifest	EVIDENCE_INDEX	286	018b0f2675f014efb4a4ebe96b0371658af9580f347c1d89c016acd2cfbdb3b1
secure/restaurant-vercel-browser-notification-qualification/restaurant-vercel-browser-notification-qualification-20260928e/terminal-result.json	terminal	ABORTED	367	ca4e325c2ec253ba173af60b1df0c967a9ab9289097f909743165b7bf5186c5c
secure/restaurant-vercel-browser-notification-qualification/restaurant-vercel-browser-notification-qualification-20260928f/evidence-manifest.tsv	manifest	EVIDENCE_INDEX	286	91a91d1d44b431dfa6906b101c262cb45b3e18962462af86c10ff1b3f3ec2de7
secure/restaurant-vercel-browser-notification-qualification/restaurant-vercel-browser-notification-qualification-20260928f/terminal-result.json	terminal	ABORTED	368	7af1edbebd9ce5034947761d711d0bea4fb6e1819c717e2133392a6e5de73e4b
secure/restaurant-vercel-browser-notification-qualification/restaurant-vercel-browser-notification-qualification-20260928g/evidence-manifest.tsv	manifest	EVIDENCE_INDEX	462	5f6bdfcaec098a679169010db5853ccc1e28a3f218aa697870b94f9486ea49ee
secure/restaurant-vercel-browser-notification-qualification/restaurant-vercel-browser-notification-qualification-20260928g/terminal-result.json	terminal	ABORTED	387	e73fbd7758b8128c639d784f362f33ba89d4fea6b58399ac56e5d05745ee110e
secure/restaurant-vercel-browser-notification-qualification/restaurant-vercel-browser-notification-qualification-20260928h/evidence-manifest.tsv	manifest	EVIDENCE_INDEX	640	8aa3883f5889ca5ee8625337859055976ae7792e952c6d9d47eb5d151aa265d4
secure/restaurant-vercel-browser-notification-qualification/restaurant-vercel-browser-notification-qualification-20260928h/terminal-result.json	terminal	ABORTED	407	2ef4360216b80c3901ac73e78a11bc6cf14eee5731599bce27caa3361910b787
secure/restaurant-vercel-browser-notification-qualification/restaurant-vercel-browser-notification-qualification-20260928i/evidence-manifest.tsv	manifest	EVIDENCE_INDEX	640	4fc0542c93d372b9d9ae7b20d7bb5b8c7e468f5e4bc5a6c9376e6b631c18ff02
secure/restaurant-vercel-browser-notification-qualification/restaurant-vercel-browser-notification-qualification-20260928i/terminal-result.json	terminal	ABORTED	383	517b1ee235058456fcda80e2c5f149ef7568551842a030a5cf28738751f84a3a
secure/restaurant-vercel-browser-notification-qualification/restaurant-vercel-browser-notification-qualification-20260928j/evidence-manifest.tsv	manifest	EVIDENCE_INDEX	377	35bd5c9b99688fdedfeba54fc5e804e3385ba6d65d9fdceecc91075f517e5fbc
secure/restaurant-vercel-browser-notification-qualification/restaurant-vercel-browser-notification-qualification-20260928j/terminal-result.json	terminal	ABORTED	396	05ab12641b9d78d7fa89e0a74a7bd42659888746753694d53a28121b01e57ced
secure/restaurant-vercel-browser-notification-qualification/restaurant-vercel-browser-notification-qualification-20260928k/evidence-manifest.tsv	manifest	EVIDENCE_INDEX	640	90663b4286dfe832ee1f3849da7f53c49a2998763e39774b94a3453eb6f600bb
secure/restaurant-vercel-browser-notification-qualification/restaurant-vercel-browser-notification-qualification-20260928k/terminal-result.json	terminal	ABORTED	383	3e2e2d7f912d080c3ca97c6925b8d82cc28a912078262dcf6348a067fbde51f9
secure/restaurant-vercel-browser-notification-qualification/restaurant-vercel-browser-notification-qualification-20260928l/evidence-manifest.tsv	manifest	EVIDENCE_INDEX	551	a58c0ff53453aa3173d54e59455dac1397429d7c347b293c3a8712041eeba62b
secure/restaurant-vercel-browser-notification-qualification/restaurant-vercel-browser-notification-qualification-20260928l/terminal-result.json	terminal	ABORTED	417	7a8a8b1ce37661c90cfcdbcd5bf4be73046b1c555453998f7026ca4b8757941d
secure/restaurant-vercel-browser-notification-qualification/restaurant-vercel-browser-notification-qualification-20260928m/evidence-manifest.tsv	manifest	EVIDENCE_INDEX	1672	e556da998e9c538df88203431bf1023bfc17404fdac9e8a8e398c09d8d32391c
secure/restaurant-vercel-browser-notification-qualification/restaurant-vercel-browser-notification-qualification-20260928m/terminal-result.json	terminal	ABORTED	575	c300bb7e488aaea1d8d6c0de18bcc11e3d623854c151f1e68c4df677cfd0c08a
secure/restaurant-vercel-browser-notification-qualification/restaurant-vercel-browser-notification-qualification-20260928n/evidence-manifest.tsv	manifest	EVIDENCE_INDEX	1671	727495934c661e203c4529c7be6b9b7c2f2270d952c4ec1735dda93a896094db
secure/restaurant-vercel-browser-notification-qualification/restaurant-vercel-browser-notification-qualification-20260928n/terminal-result.json	terminal	ABORTED	575	a26ce4160546bc8ff12746178bbfc227bee220942e2fbca002f72ca5a139b282
secure/restaurant-vercel-browser-notification-qualification/restaurant-vercel-browser-notification-qualification-20260928o/evidence-manifest.tsv	manifest	EVIDENCE_INDEX	1771	e85f969661f4037e30c57aaf81f1e139bc75d1cbeb0defe0b3052878662d1a1f
secure/restaurant-vercel-browser-notification-qualification/restaurant-vercel-browser-notification-qualification-20260928o/terminal-result.json	terminal	ABORTED	575	e1b05fbf069132c9e1bdaad2bd13c6e4890745860a7434e2a37217ecec9bc2a9
secure/restaurant-vercel-browser-notification-qualification/restaurant-vercel-browser-notification-qualification-20260928q/evidence-manifest.tsv	manifest	EVIDENCE_INDEX	1763	0277a201151ca7ef59d5461056ce766bb6e7f465fda2e3aaec8aca5ffdf5fb4d
secure/restaurant-vercel-browser-notification-qualification/restaurant-vercel-browser-notification-qualification-20260928q/terminal-result.json	terminal	FAIL	572	39840603c0b6d30dc99d2a710104ac9942611f0e01bc5e5d034a1b1b38ff7f3a
secure/restaurant-vercel-browser-notification-qualification/restaurant-vercel-browser-notification-qualification-20260929aa/evidence-manifest.tsv	manifest	EVIDENCE_INDEX	1098	b27603bcf6f9ad169b54b807708a934b911f208ca1b02e1915197b924b6c2b5d
secure/restaurant-vercel-browser-notification-qualification/restaurant-vercel-browser-notification-qualification-20260929aa/terminal-result.json	terminal	FAIL	568	e83979b77d4b183c4816d82cfdbea47940c11046f1097ac62fe0780e36798950
secure/restaurant-vercel-browser-notification-qualification/restaurant-vercel-browser-notification-qualification-20260929ab/evidence-manifest.tsv	manifest	EVIDENCE_INDEX	1198	5fd79528e26b66ce9ef058200ba3d818edf665b0e75c789d1a04d51aaccd3752
secure/restaurant-vercel-browser-notification-qualification/restaurant-vercel-browser-notification-qualification-20260929ab/terminal-result.json	terminal	FAIL	665	5c663c76b78e4ef31d165dcc1ab72f56eba31525a5639f9e690f62e9a9c473ec
secure/restaurant-vercel-browser-notification-qualification/restaurant-vercel-browser-notification-qualification-20260929ac/evidence-manifest.tsv	manifest	EVIDENCE_INDEX	1292	8913c7facf1342ee91ce6f76271e38e7b5285308c379775b50ead053e8775a5a
secure/restaurant-vercel-browser-notification-qualification/restaurant-vercel-browser-notification-qualification-20260929ac/terminal-result.json	terminal	FAIL	544	8f302a3b3ae3f934bf4e71eee53800a29ba4d0b7d32c5b54f25356c23723c44a
secure/restaurant-vercel-browser-notification-qualification/restaurant-vercel-browser-notification-qualification-20260929ad/evidence-manifest.tsv	manifest	EVIDENCE_INDEX	286	1d1222c6809f2007f35432790c9a0d9648159bdc896d0c275529cbcfc8d7987b
secure/restaurant-vercel-browser-notification-qualification/restaurant-vercel-browser-notification-qualification-20260929ad/terminal-result.json	terminal	ABORTED	433	50eb6a0261e53dad0001767a8d625ad367177a54cce14aa7599ef25f3bf03338
secure/restaurant-vercel-browser-notification-qualification/restaurant-vercel-browser-notification-qualification-20260929ae/evidence-manifest.tsv	manifest	EVIDENCE_INDEX	1380	6f45cbc4167e89ee5a0e30de49e84db0ba19d3038adaecc5f6b03e5885081c1f
secure/restaurant-vercel-browser-notification-qualification/restaurant-vercel-browser-notification-qualification-20260929ae/terminal-result.json	terminal	INCONCLUSIVE	619	b209e177e413af7936fb4e9db7822c07b9f02a9e4eb5ba10671815c9eedcbcaa
secure/restaurant-vercel-browser-notification-qualification/restaurant-vercel-browser-notification-qualification-20260929s/evidence-manifest.tsv	manifest	EVIDENCE_INDEX	1763	3fa385fb7b9c68dd9db48732b9ea35bec3820f32be044cf2d4e078750134eed8
secure/restaurant-vercel-browser-notification-qualification/restaurant-vercel-browser-notification-qualification-20260929s/terminal-result.json	terminal	FAIL	572	9be41ffa2e6457e5b83f3cbcad104dd4b31fe87075667d40f754e33cb27cee70
secure/restaurant-vercel-browser-notification-qualification/restaurant-vercel-browser-notification-qualification-20260929t/evidence-manifest.tsv	manifest	EVIDENCE_INDEX	640	aae0135e70ecd33c9173f5b0431de4b39e4217d9a58ca6060ba5fe84c5762d6d
secure/restaurant-vercel-browser-notification-qualification/restaurant-vercel-browser-notification-qualification-20260929t/terminal-result.json	terminal	ABORTED	383	5a5dddfad7ba49270f1e6e95ffde78b11d290c13d292c2d9c85e6582e8fb535f
secure/restaurant-vercel-browser-notification-qualification/restaurant-vercel-browser-notification-qualification-20260929u/evidence-manifest.tsv	manifest	EVIDENCE_INDEX	2044	9ba99e2e5ff80ea3d89313299ca3fb9efd99c5953f978512fc6392c7dffb5a66
secure/restaurant-vercel-browser-notification-qualification/restaurant-vercel-browser-notification-qualification-20260929u/terminal-result.json	terminal	FAIL	622	111d273b12a436abfb2a0b15a1c59a6e8af8812ecbe1b4e6e6ad1f1eee62c6d0
secure/restaurant-vercel-browser-notification-qualification/restaurant-vercel-browser-notification-qualification-20260929v/evidence-manifest.tsv	manifest	EVIDENCE_INDEX	2322	e40edd37b2affd68ea6b6bab2806c3ce239eb907c65dfc161aad824cd31a89d2
secure/restaurant-vercel-browser-notification-qualification/restaurant-vercel-browser-notification-qualification-20260929v/terminal-result.json	terminal	FAIL	959	900b0ac821d9ab05cc8f42fd822a540391c6fed67ec2b3acaab102ce7fe0d7d6
secure/restaurant-vercel-browser-notification-qualification/restaurant-vercel-browser-notification-qualification-20260929x/evidence-manifest.tsv	manifest	EVIDENCE_INDEX	1874	f6d0595c91b4da406c5ae0e5a4c1ca13f048aab7b26f53a6195670a37677eb39
secure/restaurant-vercel-browser-notification-qualification/restaurant-vercel-browser-notification-qualification-20260929x/terminal-result.json	terminal	FAIL	531	ac182f1b1d1110ca1ec62389306a78cc9cbfb185d36df2d40d0bf63ec1e58d97
secure/restaurant-vercel-browser-notification-qualification/restaurant-vercel-browser-notification-qualification-20260929y/evidence-manifest.tsv	manifest	EVIDENCE_INDEX	286	55d8f4762579514f1840dd10690341bdb7d971ef1d86634ccb94972291a10a06
secure/restaurant-vercel-browser-notification-qualification/restaurant-vercel-browser-notification-qualification-20260929y/terminal-result.json	terminal	ABORTED	396	b65fc18327605b82024fe6ef0fb42e9ee9d5c72311063cae9498aa1e7b102b24
secure/restaurant-vercel-browser-notification-qualification/restaurant-vercel-browser-notification-qualification-20260929z-cleanup-reconciliation/evidence-manifest.tsv	manifest	EVIDENCE_INDEX	115	c83706efed421d365d550f7dce0010395d592d8048d6067192d479af34f1a226
secure/restaurant-vercel-browser-notification-qualification/restaurant-vercel-browser-notification-qualification-20260929z/evidence-manifest.tsv	manifest	EVIDENCE_INDEX	821	1f647df09594b5c5883c68d26e715df06360f9c9d6372c84d4b4b3b614000cf0
secure/restaurant-vercel-browser-notification-qualification/restaurant-vercel-browser-notification-qualification-20260929z/terminal-result.json	terminal	FAIL	439	d2130a34d098066f94064d3cd8c900193c6564ba3c2be3d9d0dab335d6539c94
secure/restaurant-vercel-bypass-bootstrap-investigation/restaurant-vercel-bypass-bootstrap-investigation-20260928a/evidence-manifest.tsv	manifest	EVIDENCE_INDEX	193	02e26d44f10a2f8f0ce50077e2c8df17a414c805454719ab1d9022c7a81202e6
secure/restaurant-vercel-bypass-bootstrap-investigation/restaurant-vercel-bypass-bootstrap-investigation-20260928a/terminal-result.json	terminal	PASS	291	28fe6c32dc40d4369cad302dd983b650903085b1f071cd2abe3dd49e71e79372
secure/restaurant-vercel-fcm-capability/restaurant-vercel-browser-notification-qualification-20260929w/evidence-manifest.tsv	manifest	EVIDENCE_INDEX	103	abecccf0277dcd1c9fc89600b9f5059dea2a2695d91f2933d62c8ad1affa3f68
secure/restaurant-vercel-firebase-domain-change/restaurant-vercel-firebase-domain-addition-20260929a-reconciliation/evidence-manifest.tsv	manifest	EVIDENCE_INDEX	107	a979cab630a7065155011b359ecc28d9aa272aee83257c9632684edfa8360009
secure/restaurant-vercel-firebase-domain-change/restaurant-vercel-firebase-domain-addition-20260929a/evidence-manifest.tsv	manifest	EVIDENCE_INDEX	216	4d9a92ac8c85b02782148b9cfa338f1bd3ce14e5a86f2209e2f83a82ead10e15
secure/restaurant-vercel-firebase-domain-change/restaurant-vercel-firebase-domain-addition-20260929a/terminal-result.json	terminal	ABORTED	343	c24233d85e1cb901ca4bfc1635d2e6d52a4f32ec91a5d32e781299cb21d28814
secure/restaurant-vercel-firebase-domain-change/restaurant-vercel-firebase-domain-addition-20260929b/evidence-manifest.tsv	manifest	EVIDENCE_INDEX	216	fbbdba3d306267746294c49b5c642d64a1f9bdc3f2d9e5cb5cbc932b4f343a7c
secure/restaurant-vercel-firebase-domain-change/restaurant-vercel-firebase-domain-addition-20260929b/terminal-result.json	terminal	PASS_EXACT_DOMAIN_ADDED	359	bf375ad339dd63dfb9967e080db3359e74ccb7b72bea335279e64eff3540fecb
secure/restaurant-vercel-firebase-domain-change/restaurant-vercel-firebase-domain-addition-20260929c/evidence-manifest.tsv	manifest	EVIDENCE_INDEX	216	41b79b4ef1230220f93cdd44b65c0e6a26a02b1be478ec1e046d98ee365eed97
secure/restaurant-vercel-firebase-domain-change/restaurant-vercel-firebase-domain-addition-20260929c/terminal-result.json	terminal	RECORDED	360	27b2552eefad8dbe62948a46d20f784d4ab4bc821b7f97acdb83a48d917b56c6
secure/restaurant-vercel-firebase-domain-inspection/restaurant-vercel-firebase-domain-inspection-20260928a/evidence-manifest.tsv	manifest	EVIDENCE_INDEX	220	2df39a17c458e82c3aff0597a2e0ab7ac4411053a72fa07037b5c5db96892235
secure/restaurant-vercel-firebase-domain-inspection/restaurant-vercel-firebase-domain-inspection-20260928a/terminal-result.json	terminal	ABORTED_WRONG_PROJECT	332	8b751a7821d8188e5c062e32bd0a4a3d1cba5a2fc6a4de10bf4e844cf77cbc29
secure/restaurant-vercel-firebase-domain-inspection/restaurant-vercel-firebase-domain-inspection-20260928b/evidence-manifest.tsv	manifest	EVIDENCE_INDEX	220	1f3b1d05a466c01c3ef4ffb5b3592a57b99616c07ffa30524431f9ae702af7b7
secure/restaurant-vercel-firebase-domain-inspection/restaurant-vercel-firebase-domain-inspection-20260928b/terminal-result.json	terminal	PASS_AUTHORIZED_DOMAIN_PRESENT	341	37f4bf3d45b94c2ba6e900d70d89a2248f399da6638e5c1f8316a47278914fe1
secure/restaurant-vercel-firebase-domain-inspection/restaurant-vercel-firebase-domain-inspection-20260929c/evidence-manifest.tsv	manifest	EVIDENCE_INDEX	108	9b5b990ab8038593dd199e7da71375a58cf898d0ccf8aa568e9150edc71a6e33
secure/restaurant-vercel-firebase-domain-inspection/restaurant-vercel-firebase-domain-inspection-20260929c/terminal-result.json	terminal	ABORTED_LOCAL_CREDENTIAL_SELECTION	318	be76f5e67c9ee011eef3d748bb089b1f3a85e24b46a2a120b24e436370ce14d1
secure/restaurant-vercel-firebase-domain-inspection/restaurant-vercel-firebase-domain-inspection-20260929d/evidence-manifest.tsv	manifest	EVIDENCE_INDEX	220	b492336faca86b86cb675d937d8e2aea4307c50a813ef2dacd40ca515fc1f0c9
secure/restaurant-vercel-firebase-domain-inspection/restaurant-vercel-firebase-domain-inspection-20260929d/terminal-result.json	terminal	FAIL_AUTHORIZED_DOMAIN_ABSENT	368	75471fc77d7d6e5b2344cbd0e89154a328fd57b49e1b87084ac5ad85c9996f6d
secure/restaurant-vercel-firebase-domain-inspection/restaurant-vercel-firebase-domain-inspection-20260929e/evidence-manifest.tsv	manifest	EVIDENCE_INDEX	220	7ca9d1cf676e8fab660da018c388a1f5ad3d234efc0365da6ca7a68e48c4524a
secure/restaurant-vercel-firebase-domain-inspection/restaurant-vercel-firebase-domain-inspection-20260929e/terminal-result.json	terminal	PASS_AUTHORIZED_DOMAIN_PRESENT	341	985bc903d22327db49db1b6032c68d0e35688b8be5d98ac0d64865d85208bf38
secure/restaurant-vercel-notification-click-qualification/restaurant-vercel-notification-click-qualification-20260929af/evidence-manifest.tsv	manifest	EVIDENCE_INDEX	828	01b1bf4ea7c39f0d4f8b2bd527656d95781e16e022ebbae48fbf4f2f35e55954
secure/restaurant-vercel-notification-click-qualification/restaurant-vercel-notification-click-qualification-20260929af/terminal-result.json	terminal	FAIL	435	b90a685056ae0398e4ea672a7a570ffee0cd040cfd73ca10b0aadb9e21e4c545
secure/restaurant-vercel-notification-click-qualification/restaurant-vercel-notification-click-qualification-20260929ag/evidence-manifest.tsv	manifest	EVIDENCE_INDEX	659	9e8e991053127895dabea2616f7beb1277cef640b35bc1f67967f0d7d64bcf72
secure/restaurant-vercel-notification-click-qualification/restaurant-vercel-notification-click-qualification-20260929ag/terminal-result.json	terminal	FAIL	569	f973238570e515079f19a00f5ede8691bf6bbab152bfb6ee3e6455fed68b883c
secure/restaurant-vercel-notification-click-qualification/restaurant-vercel-notification-click-qualification-20260929ah/evidence-manifest.tsv	manifest	EVIDENCE_INDEX	828	1d68874b43a1c878ed9ea67c8e59e6de9f2fb7805695241d6983624c19845b93
secure/restaurant-vercel-notification-click-qualification/restaurant-vercel-notification-click-qualification-20260929ah/terminal-result.json	terminal	FAIL	568	180b3e975ae64fd9284a2671c3ab658019ec0b3061e2d76edf8a8f1b1538e51a
secure/restaurant-vercel-notification-click-qualification/restaurant-vercel-notification-click-qualification-20260929ai/evidence-manifest.tsv	manifest	EVIDENCE_INDEX	478	427eaa3e7f039032538b45e0a798ca04995ad5e279d805c38148c8a3750fa2b3
secure/restaurant-vercel-notification-click-qualification/restaurant-vercel-notification-click-qualification-20260929ai/terminal-result.json	terminal	FAIL	577	59dcb010797e49fb5b9b557f0503dd446a8469fdfefae22addc2e1f81e79f319
secure/restaurant-vercel-notification-click-qualification/restaurant-vercel-notification-click-qualification-20260929aj/evidence-manifest.tsv	manifest	EVIDENCE_INDEX	1018	766e0459606747a72753b7238ca91eb284b5b0a198934fa9d546740c5238f433
secure/restaurant-vercel-notification-click-qualification/restaurant-vercel-notification-click-qualification-20260929aj/terminal-result.json	terminal	PASS	407	f9a7c43fa69ed5c352621a4e6bb22c5c04b05393b7cc8131e7d6e6320f9977a2
secure/restaurant-vercel-project-protection-inspection/restaurant-vercel-project-protection-inspection-20260928a/evidence-manifest.tsv	manifest	EVIDENCE_INDEX	194	850a3ca589c061cc9127902e2eb42bc980e1f4d56406a3c3216e1edc54bab838
secure/restaurant-vercel-project-protection-inspection/restaurant-vercel-project-protection-inspection-20260928a/terminal-result.json	terminal	PROVIDER_SCHEMA_OR_CANONICALIZATION_CHANGE	318	d6d3bcc66e6264f2a050bbb07c849bc399c21d75739f85fdb6644a123340210c
secure/restaurant-vercel-project-protection-inspection/restaurant-vercel-project-protection-inspection-20260929b/evidence-manifest.tsv	manifest	EVIDENCE_INDEX	194	7461f1471efa27bc106d7684b4bee2d56beefab11f8114d44d9a324746bf4bc4
secure/restaurant-vercel-project-protection-inspection/restaurant-vercel-project-protection-inspection-20260929b/terminal-result.json	terminal	PASS_LITERAL_PREVIEW	296	b345a67ec2e3ed8d95320e2c569656891fd97ea6155f52ca9262dcc752d362e5
secure/restaurant-vercel-staging-containment/restaurant-vercel-unexpected-production-alias-containment-20260928a/evidence-manifest.tsv	manifest	EVIDENCE_INDEX	303	d194cf792581361e6b9f0d7eafe1ab67783619b59e9f93a099a5b494de8e55bd
secure/restaurant-vercel-staging-containment/restaurant-vercel-unexpected-production-alias-containment-20260928a/terminal-result.json	terminal	RECORDED	1704	028b4180df2e93df358eb4cdf379ad12fe99b81e8d1513701dda98a9c5cedcba
secure/restaurant-vercel-staging-deployment/restaurant-vercel-staging-evaluation-20260927b/evidence-manifest.tsv	manifest	EVIDENCE_INDEX	101	64f47c26808d6a6594d74adfe4c2ac29ddd5b3e60df3f0a4bd869c3c52143aff
secure/restaurant-vercel-staging-deployment/restaurant-vercel-staging-evaluation-20260927c/evidence-manifest.tsv	manifest	EVIDENCE_INDEX	102	2a9bd1a393eff2a2a97e5984299c876d80d0e5acbb3449f943b2c2f8cc5b46bc
secure/restaurant-vercel-staging-deployment/restaurant-vercel-staging-evaluation-20260927d/evidence-manifest.tsv	manifest	EVIDENCE_INDEX	102	87cab7e473a3be51108b0062f34349cdb647c5f02ec5312bebd3dbbd668a4a66
secure/restaurant-vercel-staging-deployment/restaurant-vercel-staging-evaluation-20260927e/evidence-manifest.tsv	manifest	EVIDENCE_INDEX	102	1a96c5b712e6b4fe5a49ef969638c18c716931ea2ff0f80312382cb0c07068c9
secure/restaurant-vercel-staging-deployment/restaurant-vercel-staging-evaluation-20260927f/evidence-manifest.tsv	manifest	EVIDENCE_INDEX	102	47ee7b605f13f46d0363fc89198757982082f02087e5472b9f29684d927fa721
secure/restaurant-vercel-staging-deployment/restaurant-vercel-staging-evaluation-20260928g/evidence-manifest.tsv	manifest	EVIDENCE_INDEX	102	0b1206849a0fa03fd88d493dbabbc9dad41b1daf81a3611cce9a606ed4477c80
secure/restaurant-vercel-staging-deployment/restaurant-vercel-staging-evaluation-20260928h/evidence-manifest.tsv	manifest	EVIDENCE_INDEX	102	4a32ed8d41e3a6e41f1a504216e69fb9ece5d79175841fbf945f448d7990e052
secure/restaurant-vercel-staging-deployment/restaurant-vercel-staging-evaluation-20260928i/evidence-manifest.tsv	manifest	EVIDENCE_INDEX	102	83ffe1d25d9a70cb0aceb34222d1ea08ab6e8551e8d5bd0f9455c971077a6134
secure/restaurant-vercel-staging-deployment/restaurant-vercel-staging-evaluation-20260929j-reconciliation/evidence-manifest.tsv	manifest	EVIDENCE_INDEX	118	3c5c6a3d23231333a13a585cf6499df22c4b74262b61dc201dfadebd3889a039
secure/restaurant-vercel-staging-deployment/restaurant-vercel-staging-evaluation-20260929j/evidence-manifest.tsv	manifest	EVIDENCE_INDEX	102	16f61bc2ce76e4c8dcc48fb357d47eb5b1439fe4518dce70b324bce64933e94d
secure/restaurant-vercel-staging-deployment/restaurant-vercel-staging-evaluation-20260929k-reconciliation/evidence-manifest.tsv	manifest	EVIDENCE_INDEX	194	9c485f68eb1c6e0f24aed0a5e05da08fd316221f8bb2e3a8f665d46e2b402a48
secure/restaurant-vercel-staging-deployment/restaurant-vercel-staging-evaluation-20260929k-reconciliation/terminal-result.json	terminal	PASS_LITERAL_PREVIEW	326	08dc8dbfc8ab8d0f8ab21ead9e0e94fa04623fc9e9466e9d96662ab99771b082
secure/restaurant-vercel-staging-deployment/restaurant-vercel-staging-evaluation-20260929k/evidence-manifest.tsv	manifest	EVIDENCE_INDEX	102	45622889b15e0981b5b8b22c8ead48d8543a59f93395bf2648c14d74eeef1b9a
secure/restaurant-vercel-staging-qualification/restaurant-vercel-staging-evaluation-20260928g-final/evidence-manifest.tsv	manifest	EVIDENCE_INDEX	115	451a795dbace6936e82ff0384180a7f0734dd02acbb8997a45c5d1fd9b0aa10e
secure/restaurant-vercel-staging-qualification/restaurant-vercel-staging-evaluation-20260928g/evidence-manifest.tsv	manifest	EVIDENCE_INDEX	108	5bcf0c6b685b34241ce311d2b8ae2e11de5f83c2042c23a9e213311b80b2b3ec
secure/restaurant-vercel-staging-qualification/restaurant-vercel-staging-evaluation-20260928g/terminal-result.json	terminal	RECORDED	541	23268b4c3d3bd412a7cdc64a0c209a08658736d3cae921275836bdd73e74aa2e
secure/restaurant-vercel-toolbar-investigation/restaurant-vercel-toolbar-investigation-20260928a/evidence-manifest.tsv	manifest	EVIDENCE_INDEX	446	49273bb907a2571847cb7b4e4fb73d494536a16c398d4c40be448f76c39458ee
